year,value
2018,60.243774
2019,78.510653
2020,91.257721
2021,99.437732
2022,103.351392
2023,108.958256
